[
    {
        "stepId": "STEP13",
        "stepName": "Url: index.htm",
        "infFile": "t1.inf",
        "time": 1683711275940
    },
    {
        "stepId": "STEP14",
        "stepName": "Url: sign.on",
        "infFile": "t2.inf",
        "time": 1683711276074
    },
    {
        "stepId": "STEP15",
        "stepName": "Submit Data: login.pl_2",
        "infFile": "t3.inf",
        "time": 1683711276207
    },
    {
        "stepId": "STEP16",
        "stepName": "Url: sign.out",
        "infFile": "t4.inf",
        "time": 1683711276400
    }
]