[
    {
        "transactionName": "open_webSite_WebTours",
        "rawStartTime": 1683711275768,
        "rawEndTime": 1683711275956
    },
    {
        "transactionName": "click_sign_up",
        "rawStartTime": 1683711275972,
        "rawEndTime": 1683711276081
    },
    {
        "transactionName": "writing_fields",
        "rawStartTime": 1683711276097,
        "rawEndTime": 1683711276223
    },
    {
        "transactionName": "sign_off",
        "rawStartTime": 1683711276239,
        "rawEndTime": 1683711276411
    },
    {
        "transactionName": "UC01_Registration_new_user",
        "rawStartTime": 1683711275736,
        "rawEndTime": 1683711276428
    }
]