[
    {
        "stepId": "STEP41",
        "stepName": "Url: index.htm",
        "infFile": "t1.inf",
        "time": 1683711281631
    },
    {
        "stepId": "STEP42",
        "stepName": "Url: sign.on",
        "infFile": "t2.inf",
        "time": 1683711281795
    },
    {
        "stepId": "STEP43",
        "stepName": "Submit Data: login.pl_2",
        "infFile": "t3.inf",
        "time": 1683711281987
    },
    {
        "stepId": "STEP44",
        "stepName": "Url: sign.out",
        "infFile": "t4.inf",
        "time": 1683711282204
    }
]