[
    {
        "transactionName": "open_webSite_WebTours",
        "rawStartTime": 1683711281432,
        "rawEndTime": 1683711281636
    },
    {
        "transactionName": "click_sign_up",
        "rawStartTime": 1683711281651,
        "rawEndTime": 1683711281808
    },
    {
        "transactionName": "writing_fields",
        "rawStartTime": 1683711281823,
        "rawEndTime": 1683711281996
    },
    {
        "transactionName": "sign_off",
        "rawStartTime": 1683711282012,
        "rawEndTime": 1683711282216
    },
    {
        "transactionName": "UC01_Registration_new_user",
        "rawStartTime": 1683711281400,
        "rawEndTime": 1683711282231
    }
]