[
    {
        "stepId": "STEP21",
        "stepName": "Url: index.htm",
        "infFile": "t1.inf",
        "time": 1683711277458
    },
    {
        "stepId": "STEP22",
        "stepName": "Url: sign.on",
        "infFile": "t2.inf",
        "time": 1683711277598
    },
    {
        "stepId": "STEP23",
        "stepName": "Submit Data: login.pl_2",
        "infFile": "t3.inf",
        "time": 1683711277739
    },
    {
        "stepId": "STEP24",
        "stepName": "Url: sign.out",
        "infFile": "t4.inf",
        "time": 1683711277919
    }
]