[
    {
        "transactionName": "open_webSite_WebTours",
        "rawStartTime": 1683711277247,
        "rawEndTime": 1683711277465
    },
    {
        "transactionName": "click_sign_up",
        "rawStartTime": 1683711277479,
        "rawEndTime": 1683711277604
    },
    {
        "transactionName": "writing_fields",
        "rawStartTime": 1683711277620,
        "rawEndTime": 1683711277746
    },
    {
        "transactionName": "sign_off",
        "rawStartTime": 1683711277762,
        "rawEndTime": 1683711277934
    },
    {
        "transactionName": "UC01_Registration_new_user",
        "rawStartTime": 1683711277212,
        "rawEndTime": 1683711277950
    }
]