[
    {
        "stepId": "STEP25",
        "stepName": "Url: index.htm",
        "infFile": "t1.inf",
        "time": 1683711278394
    },
    {
        "stepId": "STEP26",
        "stepName": "Url: sign.on",
        "infFile": "t2.inf",
        "time": 1683711278535
    },
    {
        "stepId": "STEP27",
        "stepName": "Submit Data: login.pl_2",
        "infFile": "t3.inf",
        "time": 1683711278695
    },
    {
        "stepId": "STEP28",
        "stepName": "Url: sign.out",
        "infFile": "t4.inf",
        "time": 1683711278935
    }
]