[
    {
        "stepId": "STEP17",
        "stepName": "Url: index.htm",
        "infFile": "t1.inf",
        "time": 1683711276651
    },
    {
        "stepId": "STEP18",
        "stepName": "Url: sign.on",
        "infFile": "t2.inf",
        "time": 1683711276816
    },
    {
        "stepId": "STEP19",
        "stepName": "Submit Data: login.pl_2",
        "infFile": "t3.inf",
        "time": 1683711276959
    },
    {
        "stepId": "STEP20",
        "stepName": "Url: sign.out",
        "infFile": "t4.inf",
        "time": 1683711277159
    }
]