[
    {
        "transactionName": "open_webSite_WebTours",
        "rawStartTime": 1683711276490,
        "rawEndTime": 1683711276662
    },
    {
        "transactionName": "click_sign_up",
        "rawStartTime": 1683711276678,
        "rawEndTime": 1683711276819
    },
    {
        "transactionName": "writing_fields",
        "rawStartTime": 1683711276836,
        "rawEndTime": 1683711276976
    },
    {
        "transactionName": "sign_off",
        "rawStartTime": 1683711276992,
        "rawEndTime": 1683711277165
    },
    {
        "transactionName": "UC01_Registration_new_user",
        "rawStartTime": 1683711276458,
        "rawEndTime": 1683711277180
    }
]