[
    {
        "stepId": "STEP49",
        "stepName": "Url: index.htm",
        "infFile": "t1.inf",
        "time": 1683711283407
    },
    {
        "stepId": "STEP50",
        "stepName": "Url: sign.on",
        "infFile": "t2.inf",
        "time": 1683711283590
    },
    {
        "stepId": "STEP51",
        "stepName": "Submit Data: login.pl_2",
        "infFile": "t3.inf",
        "time": 1683711283757
    },
    {
        "stepId": "STEP52",
        "stepName": "Url: sign.out",
        "infFile": "t4.inf",
        "time": 1683711283964
    }
]