[
    {
        "transactionName": "open_webSite_WebTours",
        "rawStartTime": 1683711283204,
        "rawEndTime": 1683711283424
    },
    {
        "transactionName": "click_sign_up",
        "rawStartTime": 1683711283439,
        "rawEndTime": 1683711283596
    },
    {
        "transactionName": "writing_fields",
        "rawStartTime": 1683711283612,
        "rawEndTime": 1683711283770
    },
    {
        "transactionName": "sign_off",
        "rawStartTime": 1683711283785,
        "rawEndTime": 1683711283974
    },
    {
        "transactionName": "UC01_Registration_new_user",
        "rawStartTime": 1683711283175,
        "rawEndTime": 1683711283990
    }
]