[
    {
        "stepId": "STEP53",
        "stepName": "Url: index.htm",
        "infFile": "t1.inf",
        "time": 1683711284232
    },
    {
        "stepId": "STEP54",
        "stepName": "Url: sign.on",
        "infFile": "t2.inf",
        "time": 1683711284401
    },
    {
        "stepId": "STEP55",
        "stepName": "Submit Data: login.pl_2",
        "infFile": "t3.inf",
        "time": 1683711284606
    },
    {
        "stepId": "STEP56",
        "stepName": "Url: sign.out",
        "infFile": "t4.inf",
        "time": 1683711284829
    }
]