[
    {
        "transactionName": "open_webSite_WebTours",
        "rawStartTime": 1683711284051,
        "rawEndTime": 1683711284239
    },
    {
        "transactionName": "click_sign_up",
        "rawStartTime": 1683711284255,
        "rawEndTime": 1683711284412
    },
    {
        "transactionName": "writing_fields",
        "rawStartTime": 1683711284428,
        "rawEndTime": 1683711284616
    },
    {
        "transactionName": "sign_off",
        "rawStartTime": 1683711284632,
        "rawEndTime": 1683711284835
    },
    {
        "transactionName": "UC01_Registration_new_user",
        "rawStartTime": 1683711284019,
        "rawEndTime": 1683711284851
    }
]