[
    {
        "stepId": "STEP61",
        "stepName": "Url: index.htm",
        "infFile": "t1.inf",
        "time": 1683711286205
    },
    {
        "stepId": "STEP62",
        "stepName": "Url: sign.on",
        "infFile": "t2.inf",
        "time": 1683711286378
    },
    {
        "stepId": "STEP63",
        "stepName": "Submit Data: login.pl_2",
        "infFile": "t3.inf",
        "time": 1683711286582
    },
    {
        "stepId": "STEP64",
        "stepName": "Url: sign.out",
        "infFile": "t4.inf",
        "time": 1683711286821
    }
]