[
    {
        "transactionName": "open_webSite_WebTours",
        "rawStartTime": 1683711285996,
        "rawEndTime": 1683711286217
    },
    {
        "transactionName": "click_sign_up",
        "rawStartTime": 1683711286232,
        "rawEndTime": 1683711286388
    },
    {
        "transactionName": "writing_fields",
        "rawStartTime": 1683711286404,
        "rawEndTime": 1683711286592
    },
    {
        "transactionName": "sign_off",
        "rawStartTime": 1683711286608,
        "rawEndTime": 1683711286829
    },
    {
        "transactionName": "UC01_Registration_new_user",
        "rawStartTime": 1683711285965,
        "rawEndTime": 1683711286844
    }
]