[
    {
        "stepId": "STEP45",
        "stepName": "Url: index.htm",
        "infFile": "t1.inf",
        "time": 1683711282524
    },
    {
        "stepId": "STEP46",
        "stepName": "Url: sign.on",
        "infFile": "t2.inf",
        "time": 1683711282692
    },
    {
        "stepId": "STEP47",
        "stepName": "Submit Data: login.pl_2",
        "infFile": "t3.inf",
        "time": 1683711282863
    },
    {
        "stepId": "STEP48",
        "stepName": "Url: sign.out",
        "infFile": "t4.inf",
        "time": 1683711283115
    }
]