[
    {
        "transactionName": "open_webSite_WebTours",
        "rawStartTime": 1683711282295,
        "rawEndTime": 1683711282530
    },
    {
        "transactionName": "click_sign_up",
        "rawStartTime": 1683711282547,
        "rawEndTime": 1683711282702
    },
    {
        "transactionName": "writing_fields",
        "rawStartTime": 1683711282718,
        "rawEndTime": 1683711282875
    },
    {
        "transactionName": "sign_off",
        "rawStartTime": 1683711282891,
        "rawEndTime": 1683711283126
    },
    {
        "transactionName": "UC01_Registration_new_user",
        "rawStartTime": 1683711282263,
        "rawEndTime": 1683711283142
    }
]