﻿<DataObject comparison="Ordinal">
  <Section id="">
    <Subsections>
      <Section id="General">
        <Subsections />
        <Entries>
          <Entry key="ElapsedTime">
            <double>18.5247131</double>
          </Entry>
          <Entry key="StartedAt">
            <dateTime>2023-05-10T12:34:32.63744+03:00</dateTime>
          </Entry>
          <Entry key="EndedAt">
            <dateTime>2023-05-10T12:34:51.1621531+03:00</dateTime>
          </Entry>
          <Entry key="ReplayStatus">
            <LastReplayRunStatus>Passed</LastReplayRunStatus>
          </Entry>
          <Entry key="NumberOfReplayErrors">
            <int>0</int>
          </Entry>
          <Entry key="NumberOfReplayCriticalErrors">
            <int>0</int>
          </Entry>
          <Entry key="NumberOfCompilationErrors">
            <int>0</int>
          </Entry>
        </Entries>
      </Section>
    </Subsections>
    <Entries>
      <Entry key="Iterations">
        <int>20</int>
      </Entry>
    </Entries>
  </Section>
</DataObject>