[
    {
        "stepId": "STEP73",
        "stepName": "Url: index.htm",
        "infFile": "t1.inf",
        "time": 1683711289077
    },
    {
        "stepId": "STEP74",
        "stepName": "Url: sign.on",
        "infFile": "t2.inf",
        "time": 1683711289286
    },
    {
        "stepId": "STEP75",
        "stepName": "Submit Data: login.pl_2",
        "infFile": "t3.inf",
        "time": 1683711289525
    },
    {
        "stepId": "STEP76",
        "stepName": "Url: sign.out",
        "infFile": "t4.inf",
        "time": 1683711289774
    }
]