[
    {
        "transactionName": "open_webSite_WebTours",
        "rawStartTime": 1683711288835,
        "rawEndTime": 1683711289087
    },
    {
        "transactionName": "click_sign_up",
        "rawStartTime": 1683711289102,
        "rawEndTime": 1683711289291
    },
    {
        "transactionName": "writing_fields",
        "rawStartTime": 1683711289305,
        "rawEndTime": 1683711289541
    },
    {
        "transactionName": "sign_off",
        "rawStartTime": 1683711289557,
        "rawEndTime": 1683711289792
    },
    {
        "transactionName": "UC01_Registration_new_user",
        "rawStartTime": 1683711288804,
        "rawEndTime": 1683711289807
    }
]