[
    {
        "stepId": "STEP37",
        "stepName": "Url: index.htm",
        "infFile": "t1.inf",
        "time": 1683711280832
    },
    {
        "stepId": "STEP38",
        "stepName": "Url: sign.on",
        "infFile": "t2.inf",
        "time": 1683711280981
    },
    {
        "stepId": "STEP39",
        "stepName": "Submit Data: login.pl_2",
        "infFile": "t3.inf",
        "time": 1683711281132
    },
    {
        "stepId": "STEP40",
        "stepName": "Url: sign.out",
        "infFile": "t4.inf",
        "time": 1683711281347
    }
]