[
    {
        "transactionName": "open_webSite_WebTours",
        "rawStartTime": 1683711280647,
        "rawEndTime": 1683711280836
    },
    {
        "transactionName": "click_sign_up",
        "rawStartTime": 1683711280851,
        "rawEndTime": 1683711280992
    },
    {
        "transactionName": "writing_fields",
        "rawStartTime": 1683711281008,
        "rawEndTime": 1683711281150
    },
    {
        "transactionName": "sign_off",
        "rawStartTime": 1683711281165,
        "rawEndTime": 1683711281353
    },
    {
        "transactionName": "UC01_Registration_new_user",
        "rawStartTime": 1683711280616,
        "rawEndTime": 1683711281369
    }
]