[
    {
        "stepId": "STEP69",
        "stepName": "Url: index.htm",
        "infFile": "t1.inf",
        "time": 1683711288071
    },
    {
        "stepId": "STEP70",
        "stepName": "Url: sign.on",
        "infFile": "t2.inf",
        "time": 1683711288271
    },
    {
        "stepId": "STEP71",
        "stepName": "Submit Data: login.pl_2",
        "infFile": "t3.inf",
        "time": 1683711288481
    },
    {
        "stepId": "STEP72",
        "stepName": "Url: sign.out",
        "infFile": "t4.inf",
        "time": 1683711288747
    }
]