[
    {
        "transactionName": "open_webSite_WebTours",
        "rawStartTime": 1683711287848,
        "rawEndTime": 1683711288082
    },
    {
        "transactionName": "click_sign_up",
        "rawStartTime": 1683711288098,
        "rawEndTime": 1683711288286
    },
    {
        "transactionName": "writing_fields",
        "rawStartTime": 1683711288302,
        "rawEndTime": 1683711288490
    },
    {
        "transactionName": "sign_off",
        "rawStartTime": 1683711288506,
        "rawEndTime": 1683711288757
    },
    {
        "transactionName": "UC01_Registration_new_user",
        "rawStartTime": 1683711287816,
        "rawEndTime": 1683711288773
    }
]