[
    {
        "stepId": "STEP1",
        "stepName": "Url: index.htm",
        "infFile": "t1.inf",
        "time": 1683711273737
    },
    {
        "stepId": "STEP2",
        "stepName": "Url: sign.on",
        "infFile": "t2.inf",
        "time": 1683711273877
    },
    {
        "stepId": "STEP3",
        "stepName": "Submit Data: login.pl_2",
        "infFile": "t3.inf",
        "time": 1683711274035
    },
    {
        "stepId": "STEP4",
        "stepName": "Url: sign.out",
        "infFile": "t4.inf",
        "time": 1683711274206
    }
]