[
    {
        "transactionName": "open_webSite_WebTours",
        "rawStartTime": 1683711273225,
        "rawEndTime": 1683711273743
    },
    {
        "transactionName": "click_sign_up",
        "rawStartTime": 1683711273759,
        "rawEndTime": 1683711273884
    },
    {
        "transactionName": "writing_fields",
        "rawStartTime": 1683711273899,
        "rawEndTime": 1683711274040
    },
    {
        "transactionName": "sign_off",
        "rawStartTime": 1683711274056,
        "rawEndTime": 1683711274214
    },
    {
        "transactionName": "UC01_Registration_new_user",
        "rawStartTime": 1683711273179,
        "rawEndTime": 1683711274230
    }
]