[
    {
        "stepId": "STEP65",
        "stepName": "Url: index.htm",
        "infFile": "t1.inf",
        "time": 1683711287143
    },
    {
        "stepId": "STEP66",
        "stepName": "Url: sign.on",
        "infFile": "t2.inf",
        "time": 1683711287337
    },
    {
        "stepId": "STEP67",
        "stepName": "Submit Data: login.pl_2",
        "infFile": "t3.inf",
        "time": 1683711287540
    },
    {
        "stepId": "STEP68",
        "stepName": "Url: sign.out",
        "infFile": "t4.inf",
        "time": 1683711287760
    }
]