[
    {
        "transactionName": "open_webSite_WebTours",
        "rawStartTime": 1683711286906,
        "rawEndTime": 1683711287157
    },
    {
        "transactionName": "click_sign_up",
        "rawStartTime": 1683711287172,
        "rawEndTime": 1683711287345
    },
    {
        "transactionName": "writing_fields",
        "rawStartTime": 1683711287361,
        "rawEndTime": 1683711287549
    },
    {
        "transactionName": "sign_off",
        "rawStartTime": 1683711287565,
        "rawEndTime": 1683711287769
    },
    {
        "transactionName": "UC01_Registration_new_user",
        "rawStartTime": 1683711286875,
        "rawEndTime": 1683711287784
    }
]