[
    {
        "stepId": "STEP57",
        "stepName": "Url: index.htm",
        "infFile": "t1.inf",
        "time": 1683711285247
    },
    {
        "stepId": "STEP58",
        "stepName": "Url: sign.on",
        "infFile": "t2.inf",
        "time": 1683711285446
    },
    {
        "stepId": "STEP59",
        "stepName": "Submit Data: login.pl_2",
        "infFile": "t3.inf",
        "time": 1683711285657
    },
    {
        "stepId": "STEP60",
        "stepName": "Url: sign.out",
        "infFile": "t4.inf",
        "time": 1683711285907
    }
]