[
    {
        "transactionName": "open_webSite_WebTours",
        "rawStartTime": 1683711284914,
        "rawEndTime": 1683711285259
    },
    {
        "transactionName": "click_sign_up",
        "rawStartTime": 1683711285274,
        "rawEndTime": 1683711285463
    },
    {
        "transactionName": "writing_fields",
        "rawStartTime": 1683711285478,
        "rawEndTime": 1683711285667
    },
    {
        "transactionName": "sign_off",
        "rawStartTime": 1683711285682,
        "rawEndTime": 1683711285918
    },
    {
        "transactionName": "UC01_Registration_new_user",
        "rawStartTime": 1683711284883,
        "rawEndTime": 1683711285933
    }
]