[
    {
        "stepId": "STEP77",
        "stepName": "Url: index.htm",
        "infFile": "t1.inf",
        "time": 1683711290147
    },
    {
        "stepId": "STEP78",
        "stepName": "Url: sign.on",
        "infFile": "t2.inf",
        "time": 1683711290339
    },
    {
        "stepId": "STEP79",
        "stepName": "Submit Data: login.pl_2",
        "infFile": "t3.inf",
        "time": 1683711290702
    },
    {
        "stepId": "STEP80",
        "stepName": "Url: sign.out",
        "infFile": "t4.inf",
        "time": 1683711291002
    }
]