[
    {
        "transactionName": "open_webSite_WebTours",
        "rawStartTime": 1683711289887,
        "rawEndTime": 1683711290153
    },
    {
        "transactionName": "click_sign_up",
        "rawStartTime": 1683711290169,
        "rawEndTime": 1683711290341
    },
    {
        "transactionName": "writing_fields",
        "rawStartTime": 1683711290357,
        "rawEndTime": 1683711290718
    },
    {
        "transactionName": "sign_off",
        "rawStartTime": 1683711290733,
        "rawEndTime": 1683711291015
    },
    {
        "transactionName": "UC01_Registration_new_user",
        "rawStartTime": 1683711289855,
        "rawEndTime": 1683711291031
    }
]