[
    {
        "stepId": "STEP5",
        "stepName": "Url: index.htm",
        "infFile": "t1.inf",
        "time": 1683711274503
    },
    {
        "stepId": "STEP6",
        "stepName": "Url: sign.on",
        "infFile": "t2.inf",
        "time": 1683711274627
    },
    {
        "stepId": "STEP7",
        "stepName": "Submit Data: login.pl_2",
        "infFile": "t3.inf",
        "time": 1683711274754
    },
    {
        "stepId": "STEP8",
        "stepName": "Url: sign.out",
        "infFile": "t4.inf",
        "time": 1683711274941
    }
]