[
    {
        "transactionName": "open_webSite_WebTours",
        "rawStartTime": 1683711274293,
        "rawEndTime": 1683711274512
    },
    {
        "transactionName": "click_sign_up",
        "rawStartTime": 1683711274528,
        "rawEndTime": 1683711274638
    },
    {
        "transactionName": "writing_fields",
        "rawStartTime": 1683711274653,
        "rawEndTime": 1683711274763
    },
    {
        "transactionName": "sign_off",
        "rawStartTime": 1683711274779,
        "rawEndTime": 1683711274952
    },
    {
        "transactionName": "UC01_Registration_new_user",
        "rawStartTime": 1683711274261,
        "rawEndTime": 1683711274968
    }
]