[
    {
        "stepId": "STEP9",
        "stepName": "Url: index.htm",
        "infFile": "t1.inf",
        "time": 1683711275191
    },
    {
        "stepId": "STEP10",
        "stepName": "Url: sign.on",
        "infFile": "t2.inf",
        "time": 1683711275328
    },
    {
        "stepId": "STEP11",
        "stepName": "Submit Data: login.pl_2",
        "infFile": "t3.inf",
        "time": 1683711275491
    },
    {
        "stepId": "STEP12",
        "stepName": "Url: sign.out",
        "infFile": "t4.inf",
        "time": 1683711275670
    }
]