[
    {
        "transactionName": "open_webSite_WebTours",
        "rawStartTime": 1683711275030,
        "rawEndTime": 1683711275204
    },
    {
        "transactionName": "click_sign_up",
        "rawStartTime": 1683711275219,
        "rawEndTime": 1683711275344
    },
    {
        "transactionName": "writing_fields",
        "rawStartTime": 1683711275360,
        "rawEndTime": 1683711275501
    },
    {
        "transactionName": "sign_off",
        "rawStartTime": 1683711275516,
        "rawEndTime": 1683711275673
    },
    {
        "transactionName": "UC01_Registration_new_user",
        "rawStartTime": 1683711275002,
        "rawEndTime": 1683711275689
    }
]